Unnamed: 0,Unnamed: 1
,
,"El programa H2B âœ¨ es una visa de trabajo temporal que te permite laborar de forma legal en Estados Unidos en empleos no profesionales , principalmente en Ã¡reas como hospitalidad, turismo, restaurantes, construcciÃ³n, mantenimiento, entre otros ğŸ› ï¸.

ğŸ”‘Lo mejor es que:

No necesitas ser estudiante.

TendrÃ¡s un empleo seguro, contrato y pago en dÃ³lares ğŸ’µ .

Es una experiencia que te permite ahorrar, mejorar tu inglÃ©s y conocer otra cultura ğŸŒ .

ğŸ“‹ Requisitos principales: tener entre 18 y 40 aÃ±os, pasaporte vigente, nivel de inglÃ©s conversacional intermedio, experiencia laboral en el Ã¡rea que aplicas, disponibilidad de 3 a 6 meses y no tener antecedentes penales.

ğŸ‘‰ Si cumples con estos requisitos, cuÃ©ntame y te explico el paso a paso para aplicar. âœˆï¸ğŸ‡ºğŸ‡¸"
