Unnamed: 0,Unnamed: 1,Unnamed: 2,Unnamed: 3
,,,
,,CAMP COUNSELOR,
,,,
,,OBJETO,MENSAJE
,,INFO INICIAL,"Camp Counselor USA ğŸ•ï¸ te ofrece la oportunidad Ãºnica de trabajar y vivir la experiencia de un campamento de verano en los Estados Unidos, en la cual impartirÃ¡s habilidades y conocimientos, mientras recibes alimentaciÃ³n, hospedaje y una remuneraciÃ³n. Con este programa, desarrollarÃ s habilidades de liderazgo, mejorar tu inglÃ©s, y construir amistades internacionales que durarÃ¡n toda la vida."
,,,
,,,
,,,
,,REQUISITOS,"âš ï¸ Para poder aplicar a este programa es necesario cumplir con los siguientes requisitos:
âœ… Tener entre 18 y 35 aÃ±os
âœ… Nivel de ingles avanzado
âœ… Tener una habilidad certificada"
