Unnamed: 0,Unnamed: 1,Unnamed: 2,Unnamed: 3,Unnamed: 4,Unnamed: 5,Unnamed: 6,Unnamed: 7,Unnamed: 8
,INTERN & TRAINEE,,,,,,,
,,,,,,,,
,OBJETO,MENSAJE,,,,,,
,INFO INICIAL,"ğŸŒ Â¿Quieres trabajar en una empresa en EE. UU. y hacer que tu hoja de vida hable por ti?
El programa Intern & Trainee ğŸ‡ºğŸ‡¸ es tu puerta directa para vivir, aprender y ganar ğŸ’µ en Estados Unidos mientras haces tus prÃ¡cticas universitarias o tomas experiencia profesional real... Â¡Pagada! ğŸ‘©â€ğŸ’»ğŸ§‘â€ğŸ’¼
ğŸš€ Â¿Por quÃ© es tu momento de aplicar?
âœ… Impulsa tu perfil con experiencia internacional
âœ… Recibe un salario en dÃ³lares
âœ… Vive la cultura americana desde adentro
âœ… Conecta con empresas reales y abre puertas para el futuro",,,,,,"Hola, el programa Internship & Trainee es un programa de intercambio cultural dado por el gobierno de los Estados Unidos, un programa para realizar practicas remuneradas para estudiantes y profesionales en carreras afines en Ã¡reas como Ingenieria Mecanica, Industrial o ElÃ©ctrica duraciÃ³n de este programa 1 aÃ±o, con una modalidad de visa llamada J1. Para poder aplicar a este programa deber tener los siguientes requisitos:"
,,,,,,,,
,,,,,,,,
,,,,,,,,
,REQUISITOS,"ğŸ§  Requisitos clave para aplicar:
ğŸ“Œ Pasaporte vigente
ğŸ“Œ Tener entre 18 y 35 aÃ±os
ğŸ“Œ InglÃ©s intermedio o avanzado
ğŸ“Œ Estudios y/o experiencia en el Ã¡rea donde vas a aplicar

Si crees que no cumples con alguno de los requisitos Â¡No te preocupes! Estamos para ayudarte a que vivas la mejor experiencia de nuestra mano. CuÃ©ntame y buscamos soluciones juntos ğŸ˜‰",,,,,,"1. Tener entre 18 a 32 aÃ±os de edad                                        
2. Nivel de ingles Intermedio/ Avanzado OBLIGATORIO                                        
3. Tener estudios y/o experiencia relacionada en el sector cumpliendo UNO DE LOS SIGUIENTES PERFILES:                                        
* Ser estudiante ACTIVO de una carrera afÃ­n                                        
* Haberse graduado de una carrera afÃ­n con menos de 1 aÃ±o de graduaciÃ³n                                        
* Haberse graduado de una carrera afÃ­n hace mas de un aÃ±o, mas un aÃ±o de experiencia certificada                                        
* Cinco aÃ±os de experiencia laboral certificada en el Ã¡rea"
,,,,,,,,
,,,,,,,,
,,,,,,,,
,,,,,,,,
,,,,,,,,
,,,,,,,,
,,,,,,,,
,OBJETO,LINKS,,,,,,
,VIDEO INSCRIPCIÃ“N AAG,https://v3.rivs.com/i/ITPNonHospitality/,,,,,,
,LINK PARA ACTUALIZACIÃ“N DE OFERTAS DE EMPLEO NON- HOSPITALITY Y HOSPITALITY,https://op.allianceabroad.com/opl-partners/,,,,,,
,,,,,,,,
,,,,,,,,
,,,,,,,,
, Intern/Trainee Non-Hospitality, http://interview.deephire.com/a4r,,,,,,
,Intern/Trainee Hospitality,http://interview.deephire.com/an7,,,,,,
,,,,,,,,
,,,,,,,,
,Sponsor,Person in charge,Email,Telefono,,,,
,AAG,Mario,,,,,,
